time,attention,meditation,delta,theta,lowAlpha,highAlpha,lowBeta,highBeta,lowGamma,highGamma,blinkStrength,poorSignalLevel,Label
202.7719810999697,27,48,124774,32989,6621,8572,7917,3354,2471,3671,0,0,-1
204.77482369996144,17,61,748382,60936,37849,16043,9864,11946,4958,8732,0,0,-1
206.7779254999477,23,48,562031,97032,25541,9613,55896,22559,15215,13793,0,0,-1
207.7791485999478,27,78,154192,8178,13856,9242,7411,6375,4841,3948,0,0,-1
210.78261049999853,23,77,840470,110573,16702,33700,32428,7542,3857,7402,0,0,-1
211.783705299953,37,67,674763,12273,6776,8352,22037,11304,3657,4615,0,0,-1
212.7848326000385,27,81,585368,226890,74976,89769,23961,23575,31943,28035,0,0,-1
214.7881929000141,16,53,195724,237671,14621,19124,12772,12910,11451,5799,0,0,-1
215.78994919999968,21,30,707307,241751,6553,13437,31890,24294,11131,15023,0,0,-1
216.79174040001817,1,26,607333,16554,2123,2202,1560,856,1803,2673,0,0,-1
217.79268089996185,13,13,513538,240654,28091,43456,33185,72069,23847,19027,0,0,-1
220.794675800018,24,27,350281,130769,15451,6558,3512,8420,3617,7548,0,0,-1
222.7976694999961,41,40,477608,43293,26243,20887,21869,32318,15462,15429,0,0,-1
226.80352680000945,43,35,2208599,266080,22540,34565,36720,85874,21222,6704,0,0,-1
227.8048117000144,38,37,978815,54479,3974,11165,6631,9419,17045,3715,0,0,-1
230.8080149999587,40,40,1349388,104620,17271,6125,9908,10092,7998,5914,0,0,-1
232.81087990000375,30,24,2007730,210827,26868,24581,24594,40555,22492,12924,0,0,-1
233.8127744999947,20,53,754129,28284,32709,14302,5696,5377,7733,9479,0,0,-1
236.81996830005664,23,51,1632875,303420,7142,33810,19551,39942,19652,10202,0,0,-1
237.82106450002172,29,54,169074,7143,1062,1788,955,3282,1003,908,0,0,-1
238.82235889998265,40,48,52762,51254,35269,28771,14180,28157,8498,8225,0,0,-1
240.82443339994643,35,54,866580,213928,67551,62018,15435,24211,5836,8638,0,0,-1
243.8275125999935,40,63,156836,68922,8558,7286,4959,17471,16106,10284,0,0,-1
245.83015359996352,29,63,163541,37316,8394,4419,5674,4829,6929,2255,0,0,-1
246.8324993000133,34,51,513478,20577,3582,9401,17338,11151,4898,3889,0,0,-1
248.83509980002415,38,44,172535,98937,19556,18556,7658,20090,3014,3764,0,0,-1
250.8370806999737,34,61,1042527,61129,40658,15571,7966,14087,5052,4570,0,0,-1
251.8383574000327,43,64,557694,36568,14230,8752,7291,17716,3669,3673,0,0,-1
252.84002140001397,56,64,41063,12617,7145,10950,4064,47154,19751,9490,0,0,-1
253.84235940000508,44,48,261072,100958,7369,2141,4149,4019,5117,6562,0,0,-1
254.84350329998412,53,53,35735,30803,30046,31575,11026,25096,32978,10493,0,0,-1
256.8463997000363,41,50,664509,87486,15155,14699,15934,8827,3710,3955,0,0,-1
260.8500404000515,14,48,137007,238050,63343,9607,22508,22245,12495,8117,0,0,-1
261.8512696999824,37,67,288100,13244,12456,563,6337,11276,4868,3743,0,0,-1
262.8524561000522,37,57,329234,18823,3575,9345,2205,8920,4183,3509,0,0,-1
264.85521039995365,44,63,1360744,60296,14863,19273,8564,19282,14905,7509,0,0,-1
265.857192400028,54,74,386098,12484,8724,4988,9226,6123,3978,2867,0,0,-1
266.8590362999821,41,67,115710,194813,55296,25255,61592,22795,12857,28748,0,0,-1
267.8602050000336,44,60,130076,19173,5671,3214,8221,11749,3055,2524,0,0,-1
269.86255149997305,38,38,494724,149400,10739,3963,16428,38365,10507,17215,0,0,-1
270.86410979996435,30,29,388483,506405,28435,57551,58599,21102,17669,9482,0,0,-1
273.8678383999504,27,35,63194,73299,11430,25534,8341,34353,24362,9488,0,0,-1
274.86966880003456,26,23,264362,56673,6151,9978,4919,5825,2571,3140,0,0,-1
275.87169509998057,24,37,164543,28663,1698,7096,6692,6622,985,744,0,0,-1
277.87437450001016,29,40,291067,23645,2242,2713,1768,1754,2195,424,0,0,-1
278.87529969995376,37,37,9333,8651,748,4950,1026,12825,7417,2418,0,0,-1
280.8774466000032,40,41,355228,21475,9553,2571,9372,3895,4547,2122,0,0,-1
281.8787436999846,29,37,334684,52047,3144,5338,5636,3111,1330,1531,0,0,-1
284.88384949998,37,40,715050,125260,25994,11794,27786,21041,6648,5767,0,0,-1
286.8870618999936,17,41,1163238,76062,13233,14553,6570,10180,3822,3431,0,0,-1
288.8894484000048,14,47,706597,42108,6686,17831,3436,4830,4155,1743,0,0,-1
291.8919005000498,20,64,196733,44946,40847,1856,8177,9210,6694,4582,0,0,-1
293.8952790000476,20,77,773667,70212,19711,21818,2957,14716,5064,4509,0,0,-1
294.89715309999883,20,57,674817,149936,4893,10068,18578,15201,12610,6404,0,0,-1
297.9019557000138,20,60,351136,30142,11480,9683,8882,3292,1910,1541,0,0,-1
298.9037552999798,23,48,412169,175764,39900,18639,13408,39280,21482,17731,0,0,-1
299.905498099979,27,41,510731,115552,31964,17422,20469,49008,9567,14371,0,0,-1
301.9076967999572,20,41,596259,224497,10112,8823,7976,7296,5904,5281,0,0,-1
304.91158820001874,23,17,372123,124579,9467,5616,18298,14011,6509,3479,0,0,-1
305.9139361999696,17,13,1021739,251877,20610,35912,21655,26468,12179,22090,0,0,-1
307.91688709997106,8,16,978767,35178,13159,2710,6426,3848,3179,2758,0,0,-1
310.9200430000201,17,35,750802,239728,64230,38573,37638,39679,12600,23296,0,0,-1
311.9230284000514,16,37,716962,475245,17090,45957,15651,42521,18867,12438,0,0,-1
312.92458690004423,13,63,831072,153710,190711,29490,7991,18464,33509,18391,0,0,-1
313.92635760002304,7,48,809681,325900,14293,24333,21500,14062,20599,5901,0,0,-1
314.92785950005054,8,48,247280,195943,71213,23087,29447,43689,17553,6510,0,0,-1
315.9288863999536,8,54,414092,202122,2299,45600,12295,19474,13724,10044,0,0,-1
317.93238280003425,14,40,266339,22321,7501,11359,16196,5607,4707,5896,0,0,-1
319.9348312000511,29,64,599117,42947,42602,11456,20903,18460,11222,3467,0,0,-1
320.9362898999825,17,51,383013,139518,12842,6529,18426,5122,5815,1786,0,0,-1
322.9399625000078,17,41,139589,39927,1554,2448,3174,3233,1284,1031,0,0,-1
326.9450945999706,16,38,2228416,140968,39107,22918,30274,20116,7255,9186,0,0,-1
327.9464565999806,11,26,1175926,113477,28677,8662,10195,17485,23333,16293,0,0,-1
328.9475273999851,24,43,723436,113112,30533,43180,19563,27092,16949,13938,0,0,-1
330.94952799996827,26,43,397375,300884,27480,9300,57750,35223,34714,5831,0,0,-1
331.9508506000275,26,27,3576579,404083,36944,18510,42210,44328,21473,7879,0,0,-1
332.9527602000162,21,24,727359,107561,5032,23380,7588,7889,3252,3455,0,0,-1
334.9563857000321,20,23,352126,28673,12963,8419,21311,6399,4620,2314,0,0,-1
335.9578604999697,21,43,1092809,34807,9923,6063,2983,6527,6910,1909,0,0,-1
336.959514599992,23,57,1199661,150001,56066,12942,26027,24518,13556,22206,0,0,-1
337.96076090005226,29,64,736160,106792,2219,53290,17772,23809,17154,10507,0,0,-1
340.9639766999753,37,78,119301,10290,16107,16519,9207,11731,2740,2669,0,0,-1
342.96624880004674,43,84,406230,62989,26945,55659,28252,32607,22205,12776,0,0,-1
344.969039699994,43,90,484704,146865,86019,22401,34468,27103,12533,12431,0,0,-1
346.9724837000249,50,96,1187542,17744,17360,4700,8712,11230,3715,5630,0,0,-1
347.97381470003165,30,63,898334,313145,20133,7405,9972,10350,7598,4159,0,0,-1
350.9770028999774,20,41,1726104,643754,14927,75367,75648,46287,47697,13021,0,0,-1
351.97947609995026,17,17,1102609,136533,5194,10082,6973,13178,4602,1624,0,0,-1
352.9814179999521,34,1,64340,24458,6340,4362,4671,53998,6540,19013,0,0,-1
353.983577099978,38,21,77498,119919,58157,10740,8785,10589,6766,3432,0,0,-1
354.9843621000182,44,38,409844,76852,34646,10650,20549,15201,13753,7147,0,0,-1
358.98867490002885,50,61,117033,6866,3875,2345,3016,1881,1397,1015,0,0,-1
361.9929025999736,24,74,73922,24355,6320,3858,1191,3556,2640,411,0,0,-1
362.99461369996425,30,70,238637,35132,13046,5709,7407,6570,6736,2778,0,0,-1
364.9973063999787,41,78,822496,32416,45143,8476,9935,34812,46779,8250,0,0,-1
367.0001843000064,30,69,191600,159103,35357,11946,7313,8646,4651,2070,0,0,-1
368.00137940002605,34,66,1441661,226272,63691,28632,66828,39500,37529,10454,0,0,-1
371.0042716000462,35,60,188487,111706,18259,13450,11740,20451,2732,4067,0,0,-1
373.006385799963,16,43,1443372,320468,53226,12826,15014,19515,7362,6303,0,0,-1
374.0092684000265,20,47,2077298,71036,22788,9331,20634,5720,14141,9140,0,0,-1
375.0116168999812,16,48,1383779,505320,121650,80530,36155,58443,13252,25059,0,0,-1
379.0175654999912,10,40,900956,505164,61759,25544,20912,36262,15044,19471,0,0,-1
380.0187047000509,11,30,949053,102707,9883,14950,5439,9652,7550,4587,0,0,-1
382.0205732999602,8,26,59392,24669,3439,2961,3687,1821,1037,1039,0,0,-1
386.0284192999825,17,38,2121911,146571,47654,57129,36568,46801,32223,17145,0,0,-1
389.0327009999892,17,48,2027364,421763,128973,15200,32009,34199,20927,7610,0,0,-1
391.0346094999695,20,53,289654,121465,40109,7574,16951,13551,4521,2728,0,0,-1
394.03852910001297,23,50,906681,62555,7274,7321,22362,7565,3060,1671,0,0,-1
395.0403194000246,13,41,610175,253735,38209,25178,7724,15575,11668,7150,0,0,-1
396.0424098999938,17,56,879674,139578,105663,68811,22890,33417,47336,14513,0,0,-1
399.04608829994686,23,50,362068,43142,4463,5266,1389,6972,8829,2685,0,0,-1
400.0474536999827,21,53,849133,178752,28943,19559,30680,16565,11065,18473,0,0,-1
401.04880160000175,27,63,529297,108723,39568,25623,8531,20075,12878,5502,0,0,-1
402.0499941000016,37,61,39859,27390,35453,12248,12687,20820,30714,9114,0,0,-1
404.0526825999841,26,57,338416,89430,6373,8852,12460,4325,3278,2471,0,0,-1
405.054931199993,40,67,35053,21993,22882,7425,18870,20787,17765,15314,0,0,-1
407.05898219998926,37,61,816494,324821,83367,29808,44344,29036,20362,11762,0,0,-1
409.0612933000084,34,35,1817147,149971,11561,12265,44893,30994,17530,19016,0,0,-1
410.0624805999687,40,56,485202,145137,138463,18828,27759,29018,7708,10412,0,0,-1
411.0639951999765,23,54,294152,37791,9991,9422,10553,3281,3353,3144,0,0,-1
415.0692280000076,26,53,134487,33223,5298,5873,3878,4826,1212,1328,0,0,-1
416.0717313999776,37,75,11632,13928,8422,14620,9700,20921,11494,6429,0,0,-1
417.0739830000093,40,64,205118,26270,5969,6465,2822,5417,10745,2329,0,0,-1
418.07591480005067,54,78,202589,13927,18180,19111,8168,15924,8314,9246,0,0,-1
420.0787066000048,57,78,1782879,132320,31739,15805,18054,26918,10757,8679,0,0,-1
421.0802178999875,43,69,576066,107075,11666,29288,6984,15733,10509,15082,0,0,-1
422.08258709998336,51,70,152722,19617,7414,6591,4746,12270,1283,2907,0,0,-1
423.0843036000151,37,51,566728,62782,9112,7287,11268,4936,2320,2632,0,0,-1
424.0857976999832,24,30,145345,425321,7109,17696,32211,21685,24848,12540,0,0,-1
425.0882634000154,20,30,946688,356130,70801,41433,22595,27162,14132,16659,0,0,-1
428.09190410003066,23,56,149211,161961,50425,31547,21059,23241,8385,16122,0,0,-1
429.093252700055,24,78,332559,68403,14486,7238,6936,5699,3358,2378,0,0,-1
431.0953362999717,29,84,530502,234606,121247,22725,25233,36706,17146,11779,0,0,-1
433.098473399994,17,64,42246,16358,2221,1895,441,1418,1021,1269,0,0,-1
434.09996859997045,27,53,888129,79433,17254,13728,73055,31466,16052,8667,0,0,-1
435.1014109000098,21,40,23316,36651,986,2825,2499,1176,987,213,0,0,-1
436.1034159000265,20,43,1099275,31236,15982,11798,7864,5116,6990,3529,0,0,-1
438.1066521999892,17,30,697589,43911,4483,540,4169,2960,2231,884,0,0,-1
439.1078068000497,1,54,1633428,197632,90116,144091,14121,15104,9738,9109,0,0,-1
442.1111733999569,11,69,583688,51532,12246,6821,8572,8493,5865,5248,0,0,-1
444.11546500003897,4,69,399634,68213,42400,16585,17066,5333,3488,2808,0,0,-1
445.11729449999984,1,70,1813283,586359,58097,23425,56600,29229,14475,14088,0,0,-1
447.1240081000142,16,54,115190,12297,309,5607,3171,3165,2347,595,0,0,-1
449.12638919998426,11,44,40854,37496,2962,2929,1497,2974,1432,585,0,0,-1
451.12811439996585,17,27,955882,354210,59760,20420,60860,40688,22046,9700,0,0,-1
453.130288299988,29,47,714277,65838,30362,17585,24076,15408,3098,2259,0,0,-1
454.13243620004505,14,64,182389,7970,15840,9776,1147,1369,751,855,0,0,-1
455.1337708999636,21,78,392354,37052,23430,9194,8207,10926,1724,3457,0,0,-1
457.1431752999779,29,90,90189,5166,4881,488,818,2116,271,819,0,0,-1
460.14622730005067,29,90,623391,16054,15036,2104,2635,5928,3760,7192,0,0,-1
461.1474695999641,48,78,522834,37093,50279,12652,11146,27580,14797,6773,0,0,-1
464.1512507000007,41,63,296281,145090,17956,8290,12502,11490,4374,2780,0,0,-1
465.1529260999523,50,40,57334,72556,4444,6569,16673,41924,19225,14708,0,0,-1
466.1544661000371,43,26,149934,86242,12289,11672,9010,8759,10173,5530,0,0,-1
467.1570029000286,23,8,171924,31494,378,2389,2114,1206,2261,534,0,0,-1
468.15881379996426,24,34,56125,19151,36430,16825,8895,42123,13336,7915,0,0,-1
470.161421900033,30,34,241452,20016,2002,5078,3913,4823,2648,4121,0,0,-1
474.1668062000536,40,43,448666,76574,32756,21880,13335,10514,13713,12531,0,0,-1
475.1688354000216,40,34,625937,43763,16218,11403,15194,45764,6223,22773,0,0,-1
477.1720184000442,40,38,268488,34840,3943,14510,10139,8850,3899,3637,0,0,-1
480.175557199982,40,53,2005692,161382,53396,43282,24722,16437,21068,23799,0,0,-1
481.1771047000075,37,51,696364,58779,22789,8848,8509,4735,5292,3960,0,0,-1
483.1805528999539,27,51,178323,19839,3489,5429,2608,7087,6904,2145,0,0,-1
484.1832415000536,26,30,246835,68738,830,1880,5840,9844,3724,3052,0,0,-1
485.18503030005377,23,29,287638,79461,21881,5487,867,5773,7274,2907,0,0,-1
486.1867304999614,37,38,1159620,58371,38490,44160,17977,29685,5253,12248,0,0,-1
488.1901008000132,29,40,1126898,285084,20074,67294,26795,39147,18606,17078,0,0,-1
491.1938841999509,23,61,469082,78426,19356,8012,15459,6731,7190,5286,0,0,-1
494.1983659999678,24,56,1262778,308018,30677,37310,27344,24090,7198,4885,0,0,-1
496.2011511999881,20,57,271444,14402,15622,11483,7756,5772,2671,4157,0,0,-1
497.20323530002497,41,77,60654,71279,13344,13500,7265,22718,9342,7324,0,0,-1
498.2045963000273,60,83,95823,41233,25272,11111,11379,38133,12639,8104,0,0,-1
499.2062468000222,57,67,158509,27958,3053,6132,6560,4560,2006,3092,0,0,-1
501.2086214000592,50,63,83442,26670,9582,3713,3367,2202,3867,509,0,0,-1
504.2137859000359,29,69,67820,114620,91440,42269,51717,14156,17873,9104,0,0,-1
507.2189767999808,51,64,28529,19907,5748,4466,8515,36600,9803,8988,0,0,-1
508.2202174999984,35,61,163810,78616,37139,7580,8059,11257,2826,3495,0,0,-1
511.2227231999859,38,56,1256404,280227,45170,21568,8536,30662,14735,17206,0,0,-1
513.2262307000346,34,40,289272,115618,12278,3803,6050,3996,3376,2113,0,0,-1
514.2276089000516,17,41,67948,121495,21290,10968,11930,36225,15308,9079,0,0,-1
516.230874300003,21,27,217281,171804,10900,11646,18664,23863,10099,13617,0,0,-1
517.232841799967,41,37,28669,12908,20217,10731,12423,30997,11517,19346,0,0,-1
518.2342799999751,61,43,189706,23387,1579,8392,4467,9257,5109,5361,0,0,-1
519.2356409999775,75,47,13243,16681,5671,9270,6619,33945,16665,5028,0,0,-1
520.2370801999932,77,44,353961,318432,12638,19446,30328,52734,19991,8242,0,0,-1
523.2414976999862,69,34,28424,72342,17226,1485,7294,31172,9682,6056,0,0,-1
524.2432742000092,78,34,314925,8958,3058,2468,1658,9645,5034,1299,0,0,-1
525.2445839999709,61,44,32879,39115,57089,13902,16546,20424,19288,8269,0,0,-1
527.2481313999742,51,48,141261,94710,4808,7444,11790,5569,1559,4748,0,0,-1
528.2497155000456,53,56,205997,44411,28153,10494,7259,33543,10272,14014,0,0,-1
530.2518748999573,27,54,202292,369669,68710,28909,18975,17115,12169,16364,0,0,-1
531.2533776999917,30,38,72698,38502,2792,10779,29857,15230,4815,5772,0,0,-1
533.2572460999945,54,44,186165,13179,5192,843,2882,11381,26591,2754,0,0,-1
534.2594417999499,61,41,120721,7818,1179,5324,2325,12381,5120,2515,0,0,-1
535.2632400000002,66,43,1125261,218612,37196,25707,9810,16888,10749,16982,0,0,-1
538.2668382000411,51,48,389584,64185,10363,16223,12857,5683,4097,4033,0,0,-1
539.2683011000045,30,48,544195,81879,13707,8756,20440,6535,3970,4862,0,0,-1
540.2694898999762,20,53,639009,24298,13865,7215,4818,11449,7335,2859,0,0,-1
541.2709236999508,41,54,300029,65249,31294,10256,6258,67259,57548,11746,0,0,-1
542.2730756000383,53,57,1550401,286223,3291,48090,80368,18666,14069,8519,0,0,-1
543.2754878000123,38,53,216639,43647,20499,2981,4916,10571,2527,2074,0,0,-1
544.2768476000056,30,40,1930345,205018,13147,26314,14674,28793,23263,11460,0,0,-1
545.2785708999727,43,54,1334768,60619,49211,46105,34341,33065,15940,13704,0,0,-1
548.2832013999578,41,56,1094178,219449,33197,57038,28410,47687,32411,16686,0,0,-1
549.284529000055,30,47,529168,115483,15904,1704,5100,6767,4720,1217,0,0,-1
550.2860629999777,38,44,200932,76016,8780,5819,19709,22884,11021,9132,0,0,-1
551.2878042999655,40,34,399992,21607,3690,3872,5050,8196,3865,2676,0,0,-1
553.2909106999869,41,29,1344206,168360,30655,17083,22480,34737,10230,14099,0,0,-1
554.292280600057,63,40,100417,4688,960,4109,3359,5854,1866,4639,0,0,-1
555.2944932000246,56,43,2173214,273387,24821,41170,60096,36733,20510,18091,0,0,-1
556.2968529999489,54,51,572028,103137,22203,12664,15231,46886,15233,18017,0,0,-1
558.299937200034,37,40,141710,73391,6668,2540,8818,7227,5165,2694,0,0,-1
562.3042916000122,43,47,155394,55897,14703,20431,12915,21504,45787,9665,0,0,-1
563.3062190000201,60,29,537942,85649,4675,9118,9276,74207,60494,12945,0,0,-1
564.308327900013,67,37,451525,15454,12594,13676,8174,31254,47630,11425,0,0,-1
566.3110164999962,66,53,2840381,179410,20786,120454,38135,25745,13377,6156,0,0,-1
567.3132422999479,64,51,350296,83966,17642,16862,13890,21986,23725,9117,0,0,-1
568.3143175999867,48,60,114650,210688,31760,23635,25534,34219,29403,16066,0,0,-1
569.3155381999677,43,60,1584785,49871,49636,29314,42403,60045,23875,17207,0,0,-1
570.3166230999632,53,53,217026,44974,1934,19917,18749,16949,36586,14083,0,0,-1
572.3195119999582,38,53,230162,162305,34281,16695,7253,6934,17888,3171,0,0,-1
574.3217497000005,44,60,879385,41084,20040,14365,21471,22318,10165,21714,0,0,-1
577.3259142000461,35,54,527666,126225,47870,8200,54020,27328,28355,22573,0,0,-1
578.3269680000376,44,53,177029,13739,8816,7008,35083,22276,20864,17426,0,0,-1
579.3281027999474,57,50,2980287,236684,59358,13256,28593,48767,23809,30867,0,0,-1
580.3294009000529,56,57,311975,35238,49877,22292,10860,26138,14394,16109,0,0,-1
581.3306169999996,48,54,1777310,165098,21041,14997,9092,10779,5031,17092,0,0,-1
582.3321850999491,47,53,56129,17897,5115,3031,7893,15397,3973,3115,0,0,-1
583.33321349998,43,67,1440858,88075,109502,12950,10258,21349,7481,20196,0,0,-1
26.312434299999996,0,0,23158,38809,37129,14432,8245,12615,6344,5733,0,0,0
27.315037800000013,0,0,228774,280726,41692,24144,31126,24322,12858,12232,0,0,0
28.31707390000001,40,30,1480219,141401,7453,15092,15770,23742,26033,11769,0,0,0
30.3200408,57,35,154973,12962,5379,4105,3796,10185,3573,4573,0,0,0
31.32228690000001,63,35,90592,113694,21180,16945,10588,29297,17023,10485,0,0,0
32.3237506,100,51,12732,5317,8086,6673,12686,16620,15713,16146,0,0,0
33.3248133,93,48,11909,28479,441,9201,4538,5713,5871,2179,0,0,0
35.32846769999999,70,48,419310,398709,18294,95055,23126,21355,10633,10602,0,0,0
36.33017210000001,44,43,1892448,215574,43651,23233,9354,30211,30790,10443,0,0,0
37.33142830000001,44,35,33695,10060,5448,2861,8970,29038,8138,6964,0,0,0
38.333804400000005,47,43,126605,54470,25679,26105,18603,24042,14619,6674,0,0,0
40.33642440000001,53,54,34529,6360,2926,2381,795,947,1018,590,0,0,0
42.33871699999999,48,56,213290,65799,12434,13103,5512,7915,4029,1304,0,0,0
43.340770800000016,37,66,61557,30730,15112,15690,5651,32922,15676,6732,0,0,0
44.34172120000001,24,61,312921,147568,40236,28891,17706,17970,12351,15050,0,0,0
47.34676019999999,34,61,1513806,20487,12302,12683,9013,7732,4903,5668,0,0,0
49.350480700000006,23,44,159674,297281,10649,13281,28781,8644,4883,7892,0,0,0
50.35223900000001,10,37,237731,137999,12627,23540,16042,24371,35426,7762,0,0,0
52.35526610000001,10,35,102467,112747,47091,4608,21097,12653,13548,4197,0,0,0
53.357913900000014,10,35,436407,14614,13439,4046,6868,5431,4728,2852,0,0,0
54.3587332,37,69,11298,6791,47487,17688,10307,24987,8372,6285,0,0,0
55.36088199999999,43,87,407718,11160,5437,15439,2974,8388,8735,2617,0,0,0
57.36468660000001,47,83,346457,30329,7492,3914,7896,4095,8298,9839,0,0,0
58.36720609999999,51,67,632389,36251,4414,3961,6184,12184,4590,3258,0,0,0
59.368857300000016,57,53,4483,9695,15289,11699,36206,25795,7712,4729,0,0,0
61.3723605,50,35,192390,36793,6605,1105,5169,5244,6053,5875,0,0,0
62.37481820000001,47,38,226934,181130,46201,32416,12381,16944,15428,9723,0,0,0
63.37638249999999,54,47,36106,32642,7251,19162,4606,35151,9155,7305,0,0,0
65.38022250000002,34,35,232617,42775,2801,3922,2443,4178,5022,3292,0,0,0
66.3822647,37,24,78372,32263,1668,1217,4352,6508,5813,1712,0,0,0
67.3840201,50,27,2056441,95117,68734,5510,17983,40241,13182,16520,0,0,0
68.38642449999999,50,38,70683,12012,30798,8018,4555,28976,16232,22188,0,0,0
69.38922570000001,57,54,1017400,103915,89707,16980,9778,43973,42238,21463,0,0,0
70.3907358,75,74,23963,19106,3416,18561,8806,35324,25649,10155,0,0,0
71.39261599999999,81,80,8061,5380,17259,17454,10495,18369,9531,7203,0,0,0
72.39555800000001,70,81,2198,15965,28099,6035,10285,12095,5923,11225,0,0,0
73.3976594,80,75,9260,31882,7377,21791,15061,25318,6440,12012,0,0,0
74.3984526,70,77,18483,15492,2439,8746,4714,10284,8986,5653,0,0,0
75.39966600000001,57,74,13095,12101,18692,3746,10107,4842,10728,7032,0,0,0
76.40184860000001,67,61,14477,19365,3245,12041,3789,21922,10877,4029,0,0,0
77.40415349999999,61,75,20233,12217,15815,25304,7493,11302,13962,16321,0,0,0
78.40531969999999,61,67,27647,41027,10359,4403,14321,20140,11151,4009,0,0,0
79.40819330000001,61,63,10904,52702,28294,11110,12313,14073,11075,5773,0,0,0
80.4113953,51,69,31524,19395,10349,12722,6457,9702,11027,15187,0,0,0
81.4137655,63,53,57986,43778,18905,5488,9911,41944,7669,20794,0,0,0
82.41535119999999,57,69,28123,16683,28367,4458,7058,13280,9638,4290,0,0,0
83.4168098,69,74,13446,16372,18332,5176,3843,15526,9188,4319,0,0,0
84.4181436,84,57,18756,22225,10251,1476,6432,33071,11762,11629,0,0,0
85.41919800000001,88,64,26379,15938,24446,2470,10640,34311,15049,8004,0,0,0
86.4206722,94,47,41848,31885,5618,4146,6701,20970,9425,8342,0,0,0
87.42331850000001,100,43,13090,7049,9232,3872,6726,11966,9802,11227,0,0,0
88.42594570000001,91,63,43048,15552,22366,8734,2994,38058,10555,11641,0,0,0
90.4279571,83,74,260776,15964,5587,3809,2389,5957,1735,3941,0,0,0
91.4299828,77,75,59607,15599,10512,9005,4953,11265,29869,14677,0,0,0
92.4321415,64,54,56305,63148,8922,3655,9927,12268,8147,3844,0,0,0
93.4335069,67,54,17078,18421,11655,3661,11749,36252,7079,7736,0,0,0
94.4345823,70,63,34568,8726,31699,43957,14066,37321,8847,5954,0,0,0
97.4378817,60,64,237687,107568,3367,15965,6344,6572,6551,1668,0,0,0
98.4397563,66,57,47076,13148,16763,5139,5136,16097,16333,10550,0,0,0
99.4416781,44,60,513639,78837,20430,4783,10702,13988,22550,5750,0,0,0
100.4439475,40,53,21226,24808,32526,4205,5477,17121,7491,9602,0,0,0
101.4453517,64,63,73003,7091,12236,2313,3083,3764,4112,1226,0,0,0
102.4473777,66,74,101815,67617,24069,33685,15207,22746,15500,4486,0,0,0
103.4492982,70,60,158981,48141,12887,7639,10459,28020,2762,8780,0,0,0
104.4503881,41,61,244758,87675,13201,16677,25332,10984,3372,6588,0,0,0
105.4517161,56,48,6985,9974,4527,9871,22207,15490,3888,12115,0,0,0
108.4549366,61,57,36998,9936,47696,16338,15406,22456,11852,11755,0,0,0
109.4563878,50,57,15480,119393,20399,18303,17131,19291,12076,8658,0,0,0
110.45901630000002,69,66,66722,20283,16382,12052,13717,27126,9316,10869,0,0,0
111.4608595,63,74,48659,21935,16946,20150,15351,22813,14585,11232,0,0,0
112.46194,40,56,3169305,532659,128379,62933,36552,23623,60657,18312,0,0,0
113.4649915,38,56,312021,116595,23501,17299,26967,14919,9695,20665,0,0,0
114.4662564,37,63,6411,20268,47145,11270,5770,41570,11485,21381,0,0,0
115.46739180000002,10,53,150837,122635,27141,5298,2520,3658,3994,2371,0,0,0
118.4723795,48,54,743504,114956,66939,44158,80005,39588,31120,25253,0,0,0
122.4775393,27,50,46617,12588,1609,5661,561,1259,2943,1504,0,0,0
123.4796161,41,44,56751,68969,8309,4163,4091,8004,7069,3033,0,0,0
125.481807,26,47,989235,104315,4576,28463,17199,21182,42889,28660,0,0,0
126.4839524,21,44,186981,189207,49338,43114,11315,26894,13671,7965,0,0,0
127.4854019,37,23,69705,101139,4016,6496,16503,30534,13192,13165,0,0,0
128.4871233,56,35,16230,8063,14521,3753,10135,19630,3476,8295,0,0,0
129.4895105,61,51,13415,21819,43667,13240,11825,17664,5385,4752,0,0,0
130.4913873,70,57,101846,8824,2402,13262,5736,6934,3343,8134,0,0,0
131.49695960000005,70,88,2036,8424,9730,19096,7243,11134,5154,7596,0,0,0
132.4989516,54,94,16209,27352,24341,17861,9173,9257,5301,13414,0,0,0
136.5061179,43,80,50960,28386,4258,6276,6711,2728,1435,1370,0,0,0
137.5076859,24,78,11853,66196,23555,21551,9034,5953,4794,5594,0,0,0
138.510179,11,69,58023,120904,54438,23898,19771,15328,14048,9105,0,0,0
139.5125987,16,57,174938,11059,4450,2500,5629,3374,2523,2482,0,0,0
140.51418360000002,43,61,51689,12555,8390,7631,10235,27021,11975,15633,0,0,0
141.51580890000002,64,64,12120,3819,10606,11210,6756,28852,8022,6240,0,0,0
142.51759000000004,69,61,16494,14385,10309,7193,4615,11624,10088,7812,0,0,0
145.52190380000002,97,66,11780,10502,9790,4659,4753,17105,10855,21208,0,0,0
146.5234024,100,69,28079,4046,4727,5904,3206,13275,8588,10932,0,0,0
147.5268031,88,78,25960,11054,45935,2769,5898,21758,6027,9125,0,0,0
148.5285113,83,87,28345,7274,14983,21375,14708,8614,6833,9023,0,0,0
149.5302137,74,90,19553,35296,36029,5981,7214,20369,13107,11389,0,0,0
150.53239740000004,66,90,140386,25520,16061,17041,15796,26075,7851,3599,0,0,0
151.53475910000003,57,87,3646,24368,47825,5947,21307,13101,7374,8288,0,0,0
152.53609620000003,66,75,21287,16584,9545,8520,6847,17981,11591,5099,0,0,0
153.538477,83,63,10260,4534,2594,8338,20457,23264,5782,2683,0,0,0
155.54098300000004,67,74,211489,17064,16929,15471,3935,4955,2501,1282,0,0,0
158.5467226,67,60,216007,102102,26055,12783,8655,22891,17463,9833,0,0,0
159.5483742,57,60,322146,62774,34463,5835,13134,15635,16486,8136,0,0,0
161.5517946,37,63,165209,91343,25896,7524,6847,20558,9177,8265,0,0,0
162.553766,41,57,331114,20956,16297,10273,1160,7758,5073,5137,0,0,0
163.55641880000002,43,69,21381,38223,32705,9750,7811,14244,14365,8449,0,0,0
164.55743950000004,56,64,13484,11430,7294,4196,16389,14635,30013,6465,0,0,0
165.5587812,53,78,170099,329904,327263,133852,33071,88924,26505,34526,0,0,0
166.56067720000004,53,74,553917,454046,187891,128768,59318,139556,104993,40968,0,0,0
167.5625478,67,63,83953,22615,7304,8382,8854,26653,7745,13233,0,0,0
170.56792670000004,57,77,8747,13814,36667,7402,13849,13993,10795,11362,0,0,0
171.5693658,74,78,22153,20066,9332,24787,6510,12070,14978,13343,0,0,0
172.571393,78,63,26476,31952,10874,4431,4221,19334,6107,5452,0,0,0
173.57451330000004,57,70,13837,44977,15615,2451,8234,20261,4003,3483,0,0,0
174.5760495,53,53,24653,56172,14823,6420,8799,12488,8825,8550,0,0,0
175.5765912,75,21,6325,6849,732,807,5313,27459,12020,4171,0,0,0
176.57893190000004,70,21,3663,41712,10089,9661,7019,28091,14851,11314,0,0,0
177.5809423,78,30,4597,6419,5515,11854,7296,15637,7843,2826,0,0,0
180.5848153,63,51,7102,48193,19363,15783,26483,14313,8660,8200,0,0,0
181.587963,63,60,11919,13175,4700,15762,6935,16113,6339,20776,0,0,0
182.59055110000003,63,54,2084,16930,22041,5907,17206,29090,4044,6792,0,0,0
183.5919235,60,70,15756,19181,16860,12584,5425,17720,4964,11560,0,0,0
184.59280740000003,61,81,23311,13849,30871,7463,11811,10330,14607,3675,0,0,0
185.59384470000003,64,63,306865,26223,2803,2494,7643,19900,21587,11061,0,0,0
186.5956519,63,60,12480,10432,5560,3375,5906,12025,8066,20426,0,0,0
187.5975171,60,51,22443,45157,21995,3933,15482,19277,6054,6190,0,0,0
188.5999784,70,34,6508,33569,7842,6398,13698,33301,14905,6535,0,0,0
191.6048574,75,51,11251,5307,4811,11626,6730,20262,6377,6701,0,0,0
192.6063241,75,51,45341,29185,11836,8731,7536,26962,12285,35338,0,0,0
193.60941030000004,67,56,10581,35275,13591,13958,12568,9295,6150,6566,0,0,0
194.61069200000003,57,69,30204,33402,15115,21882,10443,14366,4994,2777,0,0,0
195.61167420000004,48,70,22480,9836,12014,7081,8118,9570,6356,9270,0,0,0
196.61361120000004,29,74,141885,184443,68432,9946,22128,18088,16226,12777,0,0,0
197.616105,14,63,1473272,393147,46718,27327,9462,11596,39494,16490,0,0,0
198.6173033,10,61,89090,52519,21470,18915,7263,12797,8355,4842,0,0,0
202.623697,38,60,56407,18612,16965,5966,10346,19966,6009,4449,0,0,0
204.6261117,40,51,60302,29407,8093,1964,4350,6572,4253,1791,0,0,0
205.62701980000003,47,51,9073,10463,6836,9018,17615,24641,7492,13782,0,0,0
206.6299015,61,44,9019,33564,3160,5225,13498,14637,6358,6924,0,0,0
207.63148040000004,48,35,446217,215032,28540,27197,21103,27067,9999,5406,0,0,0
208.633017,41,40,279522,97574,9873,40202,14060,10500,10317,4312,0,0,0
209.6351354,34,41,19292,21735,19368,8132,33997,20964,15822,7235,0,0,0
211.63775580000004,34,56,218459,34150,32204,7035,13318,23244,16227,11006,0,0,0
212.6400016,41,67,17254,15100,5487,33148,31094,14275,8228,8742,0,0,0
213.6419809,54,66,35096,36025,12347,10539,10859,18938,13551,5273,0,0,0
216.6461449,40,67,285510,43240,18038,7702,5856,5688,5202,15972,0,0,0
217.64896100000004,34,50,424651,178604,12904,10379,24469,28667,9335,12745,0,0,0
218.65163190000004,27,50,85667,14990,2698,10878,4429,3867,3512,1747,0,0,0
219.653124,21,34,184332,17861,754,1005,1749,3038,3522,1339,0,0,0
220.65553720000003,35,34,10713,13798,3828,9558,6453,9566,9447,3516,0,0,0
221.6579006,47,41,19139,22455,6898,5333,11790,19386,6660,5761,0,0,0
222.6601857,51,40,95410,28402,13179,13603,12194,15670,8525,6157,0,0,0
223.66118090000003,64,61,5891,7521,9714,13704,13678,20133,20866,18570,0,0,0
224.6621404,50,54,340025,195743,31963,21705,27037,15424,21159,8715,0,0,0
225.66338460000003,43,66,40821,14674,10205,8685,4506,9166,5412,11415,0,0,0
228.66854950000004,53,54,17720,13829,2502,4314,10643,20439,6629,3536,0,0,0
229.67149340000003,63,61,746438,25833,16951,23265,17126,23846,12006,9156,0,0,0
230.6733291,56,53,312084,80707,13390,20677,5757,13925,5765,3490,0,0,0
231.6752103,56,63,11487,5392,2684,10608,5337,18980,8731,4140,0,0,0
232.67751830000003,50,67,119128,7416,5113,3452,5198,2585,1360,2428,0,0,0
234.6800448,37,64,167533,48983,17109,10366,6402,5873,15262,12158,0,0,0
235.68083340000004,40,61,1339578,140074,25547,16334,16187,30796,8228,3835,0,0,0
236.6824363,20,66,1515452,81158,69878,3646,10193,12619,17377,18688,0,0,0
240.6884155,29,44,29247,32248,573,843,742,1461,1050,731,0,0,0
242.6907251,37,48,1085084,15490,19922,11189,11354,7938,5037,3186,0,0,0
243.69288770000003,43,47,118231,24026,9942,5050,10359,31396,8777,6654,0,0,0
244.6944974,69,51,11722,24727,2815,11296,4059,27899,15284,9041,0,0,0
245.6957148,57,26,169397,211890,2385,16642,6602,11758,14414,8910,0,0,0
246.69699530000003,56,41,14538,10264,35658,9843,3447,35660,15935,5582,0,0,0
247.69900590000003,54,53,30691,12655,22945,5071,10863,19325,11298,5060,0,0,0
248.7012742,54,48,32542,23370,2697,7310,7416,27000,9229,28772,0,0,0
251.7055763,60,69,27130,80547,41237,19228,7642,12625,16823,5823,0,0,0
252.7080346,54,64,31525,27262,30762,8726,9909,22625,11640,3432,0,0,0
253.7097653,56,57,25614,12677,6576,5862,11704,14571,15834,5168,0,0,0
254.7108872,48,61,22008,36075,9099,6127,9456,16085,8418,5047,0,0,0
255.7120532,61,57,12413,34188,20907,7628,4606,25831,20797,12838,0,0,0
256.7146851,66,56,20934,10105,17334,1394,8066,17654,11283,7951,0,0,0
257.7156904,63,61,10916,7670,9009,6062,12273,8698,10922,3938,0,0,0
258.7172436,74,67,19221,9986,20082,911,5294,34037,14623,4942,0,0,0
259.7196952,81,67,11160,3466,6905,4229,7989,14129,7614,6368,0,0,0
260.7223035,81,61,20090,13079,5839,5773,8898,18381,10810,8507,0,0,0
263.72722480000004,91,51,14839,21721,10152,4293,10149,37231,16725,12287,0,0,0
265.72907990000004,61,47,256125,204942,21664,37293,17859,11126,16659,6448,0,0,0
266.7306974,61,48,24779,10552,4413,19029,8003,31195,10504,15259,0,0,0
267.7326218,67,43,7253,13947,1956,8050,7132,31775,11004,8925,0,0,0
268.7809618,50,56,22932,54389,27464,32454,5499,11161,21610,9081,0,0,0
269.7829021,34,61,472936,33277,23715,18253,8855,11214,9484,22487,0,0,0
271.78508800000003,16,64,108787,55512,12580,9765,8619,13823,11814,7513,0,0,0
272.7860066,53,60,17768,26946,18748,3807,5881,17803,9006,21247,0,0,0
275.7905662,54,57,104097,47521,35525,6258,10812,13217,16456,5207,0,0,0
276.79162490000004,60,64,15700,15452,8813,14964,13535,12919,22097,10762,0,0,0
277.82234830000004,57,64,17462,11380,4511,4196,6479,17845,16726,6077,0,0,0
278.8232381,66,60,9965,11248,8877,3239,6900,24994,5906,8640,0,0,0
279.8289322,80,63,50734,27264,11814,23144,4471,33207,10463,13077,0,0,0
280.83164320000003,69,69,95620,6111,717,5577,5246,3979,5633,1976,0,0,0
281.83267320000004,61,77,153430,11380,8171,2139,2207,8652,5013,2575,0,0,0
282.8342582,69,60,13496,16536,3383,4474,6045,19962,10635,5418,0,0,0
283.835258,69,48,378904,55483,2763,18605,13812,41950,8450,9506,0,0,0
287.8393721,63,50,39106,15439,2984,7704,4400,3936,3393,3206,0,0,0
288.84139,61,51,8926,35537,24310,19167,10097,25064,6671,9880,0,0,0
289.84245580000004,61,53,136510,24236,9767,8442,8577,33352,10095,13489,0,0,0
290.84325950000004,48,53,2041812,105050,17214,8839,9389,16342,16351,9512,0,0,0
293.8464563,50,51,2072328,152539,27470,77340,56155,55166,66086,13904,0,0,0
295.84857700000003,34,40,366665,73431,5647,10894,7997,3650,5775,2220,0,0,0
297.85172500000004,16,38,476260,37304,10371,1629,9329,7033,4429,4004,0,0,0
298.85278830000004,27,50,28621,15726,15153,8991,5729,16482,7944,6196,0,0,0
299.8540838,26,37,68850,93870,8230,4343,35437,14576,9365,5667,0,0,0
300.8551631,43,40,8826,41903,12031,11290,7551,21521,8706,11740,0,0,0
303.8587389,51,50,16023,23610,9352,16757,3431,19170,4878,6266,0,0,0
304.8599133,51,56,2372,2959,34775,3956,13270,20413,9617,5676,0,0,0
305.86092890000003,64,66,10675,20031,6763,3905,5266,21220,17910,8946,0,0,0
306.86211050000003,56,60,57736,20616,10847,7014,8180,17089,23427,6902,0,0,0
307.8631795,53,48,31796,47467,16790,14718,10559,24574,18390,12531,0,0,0
308.86439240000004,37,54,217217,80202,20644,30725,17187,15625,39388,5776,0,0,0
309.8661634,44,56,13540,13393,116,5703,4929,4676,3945,1437,0,0,0
310.8671875,29,40,95787,242917,13068,8818,14023,18783,10292,6230,0,0,0
312.87127330000004,20,38,532780,74030,27566,5211,13542,11600,24228,11026,0,0,0
315.8750799,23,38,260405,121007,57613,21071,33559,29998,24931,10584,0,0,0
316.8774429,10,40,143827,31766,7215,5447,5098,2663,2247,2919,0,0,0
317.8801053,26,57,11037,21715,6278,12069,9988,17092,5190,5852,0,0,0
318.8816095,41,61,16057,7287,8364,11653,11166,17805,5087,12266,0,0,0
319.8840486,47,69,954900,36787,18493,50409,13443,24776,7472,7620,0,0,0
320.88631860000004,57,75,132485,15331,7451,5604,4057,6469,3900,1626,0,0,0
322.8895513,44,75,345830,133489,35123,30143,18080,20412,13530,10496,0,0,0
12.385190999950282,0,0,363002,10319,8805,13559,4054,2898,1644,904,0,0,1
13.387316399952397,0,0,189124,16890,5951,6730,5942,1615,1099,1015,0,0,1
14.388927299994975,51,30,353456,69075,5148,5527,10965,22715,3326,6102,0,0,1
15.391879000002518,44,35,624337,206783,53728,43628,17635,13295,4860,3768,0,0,1
16.392991799977608,50,40,349491,39686,21918,19015,25512,10324,5577,5356,0,0,1
18.395008699968457,50,38,790299,83635,24829,7260,35203,11140,1296,1494,0,0,1
20.397439899970777,27,41,2775264,1170581,114766,78008,41619,46208,16724,10327,0,0,1
21.39891109999735,37,44,326587,151976,90500,42753,76290,28449,57307,24604,0,0,1
25.405366799910556,16,29,716290,121125,5905,12806,7061,7399,6261,912,0,0,1
26.40750209998805,29,26,80195,91980,7826,3921,21140,13580,7922,4304,0,0,1
27.409087499952875,38,17,266622,64514,4591,19573,14176,20367,8658,9107,0,0,1
29.411281600012444,47,23,334977,206805,50822,21889,30450,15477,5385,3996,0,0,1
30.413835300016217,56,38,135425,28436,20429,15761,7644,9782,8030,9353,0,0,1
31.41596729995217,60,56,522176,23868,16736,18438,13211,11394,7778,9403,0,0,1
33.418780399952084,56,64,818081,72963,31153,42700,20967,22866,7584,3851,0,0,1
35.42121129995212,53,67,991506,79366,17433,17670,8327,4885,4671,1206,0,0,1
36.4226006999379,51,51,88656,237362,11376,23997,25412,33594,6863,23987,0,0,1
37.42439870000817,50,48,371125,13467,9017,23448,39301,6764,14114,9137,0,0,1
39.427497899974696,41,40,213170,103340,20778,14440,14165,9342,1983,2820,0,0,1
41.430235699983314,51,47,222794,14131,9673,10351,3775,4700,2591,1510,0,0,1
43.43337709992193,37,53,99426,79033,14574,2406,4643,2367,1550,1108,0,0,1
44.43475789995864,24,56,1207946,157548,94017,44837,15529,13577,3840,7718,0,0,1
45.43617779994384,30,61,961445,78753,21340,30549,7602,18122,3263,7320,0,0,1
46.43752309994306,30,63,126050,8468,11070,3909,1762,3140,5490,2840,0,0,1
47.43866280000657,37,56,274857,380586,26717,10476,12126,16406,22451,10227,0,0,1
49.44181400001981,53,51,739976,53574,35436,5866,22926,23420,24615,6197,0,0,1
50.444065999938175,57,48,100551,28203,5482,6960,3282,7754,1851,1977,0,0,1
52.446695899940096,48,48,436563,52656,54841,29999,10443,7564,5220,5517,0,0,1
53.44798329996411,51,77,347146,6053,9831,10694,1470,1586,2057,1922,0,0,1
54.44922189996578,27,74,1316759,368666,75933,36814,19815,11001,10889,10706,0,0,1
58.45408319996204,20,57,253186,37889,8830,7241,6642,7089,1468,1652,0,0,1
59.45638270000927,24,48,1458036,260490,187554,67637,54015,55321,11620,6313,0,0,1
60.45782779995352,38,61,419673,33856,45018,19191,5039,7406,5212,4070,0,0,1
61.4593457999872,38,63,454787,52913,4270,10440,1164,3030,3251,682,0,0,1
62.46107039996423,38,64,248759,48519,14971,11459,3958,8373,12608,4761,0,0,1
64.46356159995776,41,66,20760,4777,2041,6370,4919,1962,1333,1993,0,0,1
65.46554599993397,56,54,77426,32864,3270,23605,18033,21283,9533,2249,0,0,1
66.47254029999021,67,60,114080,21430,9090,3351,1191,4384,1005,1323,0,0,1
67.47384390002117,64,43,402162,84943,45511,8655,18496,16125,6704,6841,0,0,1
68.47499010001775,44,47,310666,186991,54389,93007,35334,16175,6204,11091,0,0,1
69.47630500001833,34,37,694560,108881,13876,3982,10739,5221,3402,4459,0,0,1
71.47879789990839,30,43,959902,89221,2495,24182,8836,12127,4170,2394,0,0,1
72.48068519996013,30,43,470276,110211,48894,19508,24527,19639,26049,4389,0,0,1
73.48389069992118,34,43,90609,37224,16006,5403,2864,3389,2153,2592,0,0,1
74.48631089995615,30,48,809701,265688,3917,46796,31471,14707,20001,6162,0,0,1
75.48820379993413,37,38,97975,28628,1843,4785,5222,6991,2643,2034,0,0,1
76.48975419998169,41,47,2193353,64951,55549,55638,7932,14679,5556,21176,0,0,1
77.49099859991111,43,44,417429,92420,26338,18113,18231,12983,10554,4629,0,0,1
78.49201419996098,53,54,729537,93040,50048,14628,9325,22193,7611,12424,0,0,1
79.49345449998509,43,56,159793,105713,17335,6210,3582,9226,3418,5408,0,0,1
81.49527079996187,43,41,1525693,194729,24051,30758,14124,21794,11459,8859,0,0,1
84.50025749998167,47,35,603888,269474,32273,11992,18425,20989,28300,8577,0,0,1
85.50134909991175,43,30,2450809,166073,8756,27105,20106,11485,7646,5013,0,0,1
87.50347729993518,44,20,82236,10519,891,2858,2124,3062,744,411,0,0,1
88.50492639990989,50,30,1143674,147449,31197,45680,37383,37817,11085,9505,0,0,1
89.50659319991246,54,29,619463,95703,5610,9098,9572,11426,7331,4595,0,0,1
91.5088113999227,44,40,39657,6724,2343,3721,703,792,314,562,0,0,1
92.51032100000884,40,54,255231,11239,27282,8190,2166,4871,2301,2767,0,0,1
93.51192169997375,29,54,638522,340857,22530,22668,10239,14593,14113,5527,0,0,1
94.5139783999184,38,57,213544,108325,21263,26126,18829,25602,11643,7160,0,0,1
96.51684940000996,37,53,237281,164201,65064,11320,23247,13692,31103,12538,0,0,1
99.51971029990818,54,54,748885,270391,169843,16886,39639,51549,12566,5797,0,0,1
102.52345899993088,63,56,40515,49773,25468,4507,4290,26172,7262,7749,0,0,1
105.52846449997742,66,63,340142,134285,96245,94480,39710,25610,8602,5542,0,0,1
106.530322699924,51,69,949168,131438,138921,45521,24398,16329,11774,6242,0,0,1
107.53175249998458,40,64,1549818,242485,70756,6398,21961,11934,9413,3227,0,0,1
108.53295969997998,23,66,582660,61679,20839,12422,5524,6786,6528,6975,0,0,1
110.5353103999514,21,60,105178,18285,7845,2804,2659,2047,1378,1423,0,0,1
112.53840369998944,34,51,454024,114500,25078,29049,14268,25001,8565,8150,0,0,1
113.53988820000086,53,48,80645,29899,5545,3075,5787,10363,2013,1757,0,0,1
114.54127429996151,60,50,2119223,73727,37328,24641,20933,18775,8821,4785,0,0,1
115.5432708999142,60,38,78787,68317,5211,3668,3397,5249,4311,842,0,0,1
120.54840039997362,51,30,1772953,76454,11058,8384,33437,5637,4001,3592,0,0,1
121.54953479999676,27,37,93825,59207,22673,3059,4643,2798,1795,1953,0,0,1
122.55152819992507,17,38,1373236,264411,184515,68040,78870,25976,20064,10650,0,0,1
123.55305200000294,24,51,84820,15818,5045,8151,1789,4235,1912,2285,0,0,1
124.55460279993711,30,60,1509299,45436,10755,13185,11119,7246,7916,11474,0,0,1
125.55568250000942,38,57,563088,109815,11244,28259,9326,9050,5378,5557,0,0,1
126.55933790002018,41,48,146230,360687,8733,92323,27360,34244,14418,8326,0,0,1
127.56022039998788,27,41,94609,257985,46714,19934,20277,12135,11504,7695,0,0,1
128.5612655999139,27,37,1993039,133078,31135,12197,29825,17376,7751,4673,0,0,1
130.56308769993484,38,37,250307,53885,15032,10282,16110,11997,1996,2135,0,0,1
134.56811320001725,40,48,1300806,128839,124926,19846,17614,25845,11790,8295,0,0,1
135.57013649994042,40,40,1899317,459756,11687,41473,11402,19366,9921,3395,0,0,1
136.5725434999913,37,48,295717,42139,23174,18884,27949,7398,2613,1769,0,0,1
137.57396379997954,30,57,59289,22267,19403,17603,11501,4696,1070,1424,0,0,1
138.57543769991025,37,53,483030,69302,29477,18853,12574,18542,5730,9180,0,0,1
139.57653889991343,35,57,108559,52884,4244,7315,2953,1941,1239,2150,0,0,1
140.57792770001106,29,57,996664,62111,26848,13152,4863,4743,1455,2688,0,0,1
141.5802278999472,27,56,128203,151103,159631,36248,21186,25042,8467,4097,0,0,1
142.5824738999363,17,54,656489,59223,16659,7379,4643,5140,4088,904,0,0,1
143.58447609993163,35,50,107435,79786,2935,9786,17695,14747,5887,5683,0,0,1
146.5888625999214,44,43,234498,25126,4018,5584,7527,4030,3938,2715,0,0,1
148.5906412999611,35,26,76310,58448,2246,5679,6026,2067,3674,1715,0,0,1
149.5916872000089,41,23,569943,131326,21951,18485,8914,17126,8422,14276,0,0,1
152.59520029998384,37,30,1199656,90700,6698,33458,35401,14067,20001,9339,0,0,1
153.59726159996353,37,13,720515,233338,8523,3143,39185,28510,17232,19533,0,0,1
154.5985265999334,61,24,165001,3136,763,3816,6509,2369,2215,804,0,0,1
157.6022612999659,57,26,893185,67531,13437,14688,10876,7942,8283,8515,0,0,1
159.60498399997596,50,30,240367,13064,3572,3816,1489,843,2575,1322,0,0,1
161.60705079999752,53,56,279864,27825,12055,22063,12254,10791,43131,24451,0,0,1
162.60850460000802,29,63,168775,70145,20333,52280,10318,4297,18829,4256,0,0,1
165.61445310001727,40,70,746388,22897,22464,9013,5836,12887,6926,5297,0,0,1
167.61693819996435,47,78,145576,6653,8432,1849,2403,1723,346,617,0,0,1
168.61797249992378,44,66,1655726,150506,19102,20333,27394,26604,5164,12653,0,0,1
169.6192774999654,63,66,108433,16349,20018,8381,8506,6744,2676,3823,0,0,1
170.6206701999763,48,50,1076554,86817,5106,7021,8540,6496,3350,1100,0,0,1
171.62197949993424,53,43,2084950,156630,23951,85339,25625,45055,7290,5823,0,0,1
172.624499599915,48,51,1471424,154282,72713,37236,48429,26429,25981,10512,0,0,1
173.62606949999463,40,41,626518,55350,2913,4404,16777,4824,3644,3245,0,0,1
174.62756559997797,30,35,290142,180958,41257,14238,20523,15402,9884,10807,0,0,1
177.63090689992532,30,35,814361,26138,10854,5542,2964,3674,6054,779,0,0,1
178.63207739999052,35,29,233324,199111,16046,29335,51628,17913,7866,5163,0,0,1
180.63422389992047,27,35,565437,48001,1706,6051,2721,2053,718,871,0,0,1
183.63722099992447,47,35,331121,9686,1896,4005,9048,5829,2006,1478,0,0,1
186.64065099996515,48,30,49485,10620,1344,3454,1735,1860,823,281,0,0,1
188.64260429993735,53,35,173874,35292,10803,1974,8798,5370,2629,884,0,0,1
190.6444129999727,56,47,575341,196279,104998,30717,46888,16609,6440,12010,0,0,1
192.64661279995929,44,41,952951,213183,10932,26917,23779,30502,5464,7278,0,0,1
193.64907869999297,48,48,647982,23774,12321,17774,5588,9925,2179,3958,0,0,1
198.6694716999773,41,44,864610,296128,24626,39693,75601,16678,7082,10066,0,0,1
199.6704954999732,38,41,155636,57789,3144,3742,8759,4811,2615,1689,0,0,1
201.672866399982,29,40,1273931,74727,41724,21798,16009,11735,15482,9105,0,0,1
202.6744205999421,34,35,674328,228670,45969,28858,29164,27871,9572,8291,0,0,1
206.6794095999794,27,35,2688423,447352,40654,59564,68328,16442,10407,6344,0,0,1
209.68231529998596,29,40,1009519,247503,7397,47994,44250,30122,17392,10367,0,0,1
211.68478110001888,24,40,1045867,35769,21011,11975,15508,3685,3183,3464,0,0,1
213.6877782999072,27,34,1561940,154390,18946,6525,13700,17993,6714,7510,0,0,1
215.6905350999441,34,40,751770,72179,18922,14713,17908,5368,3901,2878,0,0,1
217.6927177999169,27,41,801000,110564,23332,3329,7823,8285,2252,2206,0,0,1
220.69593589997385,23,37,575359,375429,50813,85116,25394,17198,8248,8646,0,0,1
221.69720579998105,21,56,283872,19452,9010,38377,10895,5767,797,1382,0,0,1
224.70088999997824,17,50,763351,11121,3925,1709,1442,1574,323,407,0,0,1
226.70439059997443,21,50,270248,154637,51663,18213,17736,11102,12128,7632,0,0,1
227.705878400011,21,48,51957,11583,10833,13551,6318,2823,3111,2907,0,0,1
228.7071835999377,27,63,849575,27502,10991,6772,4810,2357,2165,1637,0,0,1
229.70860519993585,27,63,148493,104848,22358,34492,19473,13869,12629,6230,0,0,1
230.71027189993765,48,57,2080264,80372,8422,18238,17325,32579,15896,14592,0,0,1
231.71169689996168,40,37,991052,426764,33908,13524,37246,18720,7137,5250,0,0,1
234.7154964999063,61,38,26017,19814,18375,15392,10750,22811,9269,4547,0,0,1
235.71696240000887,56,37,184876,65579,12660,9062,6222,3894,1198,1726,0,0,1
236.71851109992716,54,43,953793,51666,31407,19340,11865,26684,9707,7844,0,0,1
237.71966499998237,77,54,270940,54169,24223,26556,63103,31567,11303,6268,0,0,1
239.7220039999811,54,43,1002639,249883,24148,30397,58804,18337,13252,6729,0,0,1
240.7228477000026,60,53,119280,37091,32875,12608,8088,6188,3478,2950,0,0,1
243.72713249991648,41,53,1313806,455682,58745,191049,19347,29151,16947,10180,0,0,1
245.7294441999402,37,69,848064,25890,47033,61543,34562,22241,14514,13418,0,0,1
246.7311382999178,37,56,221102,59150,7970,5755,3057,5142,6814,3039,0,0,1
251.7365855999524,29,50,964403,164054,34369,13673,10785,5166,4003,4291,0,0,1
253.7388278999133,24,43,2566840,415037,28397,36103,42782,18721,12704,6297,0,0,1
254.74018580000848,8,23,911498,369217,8228,33393,12467,12485,5441,11540,0,0,1
255.7415914000012,3,29,2902069,142099,15110,64553,32366,9694,10424,2831,0,0,1
257.74381469993386,8,34,1345120,286929,105085,32692,18279,20259,9827,10412,0,0,1
259.7455069000134,21,30,73307,7812,431,626,836,1283,927,425,0,0,1
260.7469203999499,26,37,337045,523054,91231,12444,18781,28500,6360,4648,0,0,1
261.74855629995,47,34,1162700,95344,8241,41113,40780,46116,9290,3649,0,0,1
263.75090310000814,48,34,267409,67944,31333,13034,16460,6338,3130,3969,0,0,1
264.7529807999963,26,38,436851,152267,17553,21191,9223,3445,2597,800,0,0,1
267.7565566999838,47,47,409861,4634,11406,1690,16954,5472,4680,3443,0,0,1
270.75996289995965,24,60,584697,76825,105782,62378,58829,9491,8422,7521,0,0,1
273.76366469997447,21,56,783099,128660,8931,45318,33526,7556,2205,2386,0,0,1
274.7655147999758,48,64,872523,18216,18315,2764,8557,9987,2280,1517,0,0,1
276.7689303999068,41,70,955463,60090,74107,7929,10747,24484,2287,1503,0,0,1
279.7711717999773,60,57,980685,43653,12084,6529,11208,15220,5142,1339,0,0,1
282.7748312000185,78,53,99359,34265,6683,3436,6336,9740,2005,1080,0,0,1
286.7818503999152,44,30,1002662,53645,10962,17005,5444,3876,4092,2168,0,0,1
287.7825916999718,24,44,773188,46645,55195,36578,22745,4744,4116,2616,0,0,1
291.78728279995266,8,54,1074262,720517,32287,40305,28423,18276,13127,7107,0,0,1
293.7908350999933,14,51,1308882,69938,14129,17936,38214,10076,1788,3631,0,0,1
295.79276779992506,29,38,73566,38213,2279,9164,2482,6784,2348,1309,0,0,1
296.794816599926,23,20,443428,71668,4859,2334,10106,2934,1566,1708,0,0,1
298.79731369996443,27,38,1182329,169361,141373,28043,30364,12344,9723,10495,0,0,1
299.79872039996553,10,27,79144,206945,6209,10501,3771,3531,2269,2061,0,0,1
301.8010814000154,1,27,1041685,228347,57675,7946,23765,19018,5677,3701,0,0,1
303.80381369998213,4,27,206815,223266,12699,10476,10863,11359,7208,2396,0,0,1
304.8061075999867,11,24,248756,70035,40803,12344,17517,8460,18957,4636,0,0,1
307.8097595999716,35,35,315802,45180,12716,6154,9695,11024,5074,2104,0,0,1
308.8108778999885,26,38,537338,197246,57727,8893,4243,9081,8678,3082,0,0,1
309.81218239990994,40,53,902504,27279,5609,15931,4682,7653,2280,1504,0,0,1
311.8151652999222,35,43,1393290,797852,51311,106533,94217,43075,14817,6406,0,0,1
312.8172371999826,40,44,1097554,165062,17982,72303,29432,59653,20982,15407,0,0,1
314.8203693999676,54,51,1400388,133518,101090,34164,8681,41250,14729,6360,0,0,1
315.82250399992336,48,48,300407,90857,6516,27407,9802,9378,11744,9268,0,0,1
316.8238831999479,44,51,2915172,533908,12559,128740,15503,25649,13572,6244,0,0,1
318.8258493000176,30,48,1791570,359192,68450,35935,30474,30374,12754,29358,0,0,1
320.828441599966,24,37,158864,173945,21039,20717,11861,17679,6059,3463,0,0,1
323.8330947000068,27,37,227722,42493,9449,8090,7524,6143,2279,1985,0,0,1
325.8356830999255,47,47,522040,31240,47526,10989,30473,19872,16395,17256,0,0,1
326.8371827999363,48,61,126408,11788,4110,3447,1598,1338,447,363,0,0,1
327.838284599944,40,60,107141,43949,11220,727,3053,2536,2044,2476,0,0,1
329.8409037999809,24,53,1536858,256591,91933,32340,55420,18744,18108,5234,0,0,1
330.8417567999568,13,44,70361,57592,6942,8244,8165,1854,2558,3293,0,0,1
331.84314909996465,24,48,299125,28189,23770,23556,17404,14749,7016,6542,0,0,1
332.844917899929,34,47,327797,92280,9352,14454,11921,12633,13323,7501,0,0,1
333.8477332999464,44,40,124295,26317,5341,2640,9664,6113,2041,764,0,0,1
338.8529161999468,56,40,300676,226950,29621,27413,13703,22463,4357,6409,0,0,1
340.8547201999463,43,26,226852,113482,16630,8381,12399,9112,3260,2369,0,0,1
342.857352299965,44,38,428782,37832,25436,8878,3787,8179,4623,2294,0,0,1
343.8590954999672,43,53,170028,22433,23778,18001,4509,9047,2166,1253,0,0,1
344.860976099968,48,47,150049,88653,6729,3667,14028,12593,10735,5517,0,0,1
346.8639883999713,34,53,346561,120240,24905,23336,5938,2444,1402,1611,0,0,1
349.8671520999633,29,47,355909,413813,42155,133973,83758,54787,10061,5902,0,0,1
351.8706807999406,20,34,672411,166230,22608,32789,8362,11013,5361,6773,0,0,1
352.87259809998795,7,38,689764,360867,28919,30575,25186,13797,17616,13643,0,0,1
355.8767138000112,24,30,231310,91369,12593,4504,10900,10068,1806,2156,0,0,1
360.8815295000095,21,35,1347352,338571,98172,104635,79064,38753,14239,7198,0,0,1
361.8834321999457,38,48,104651,7149,18282,6607,3233,7035,2139,1815,0,0,1
362.88564049999695,48,66,41628,45007,66790,14944,7654,12613,5455,3724,0,0,1
364.88850819994695,56,77,156689,24076,12252,12750,16902,8938,2358,4048,0,0,1
365.89031179994345,57,81,605118,68911,44233,18172,9612,10293,12930,3981,0,0,1
366.89159529993776,60,61,86291,43282,2842,7824,3657,14520,3229,6260,0,0,1
369.8944956000196,60,51,848539,612522,144990,114188,135172,86207,10406,16189,0,0,1
370.8956931999419,51,38,851934,293626,14129,20005,23368,27614,10806,8773,0,0,1
372.8990067999112,51,51,182852,21424,30441,5432,11111,13007,4839,2505,0,0,1
377.9049679000164,38,43,191194,94221,4368,9482,13236,3222,1904,1673,0,0,1
379.9070665999316,38,51,389325,110355,16484,32303,35035,12192,10812,5572,0,0,1
381.90987069997936,30,41,2152852,354727,40848,62409,78722,21184,9798,5976,0,0,1
382.9112603999674,24,30,194359,62742,11500,12159,17540,9817,10046,7562,0,0,1
383.91335029993206,44,44,775795,12791,8544,2519,2386,4952,1938,3167,0,0,1
384.91561829997227,44,41,175048,144617,18609,15034,24813,12190,3540,13192,0,0,1
387.918886099942,61,43,1105001,47263,18212,8118,22424,17743,3592,2171,0,0,1
389.9211799999466,50,54,744134,170935,161601,87701,71858,15338,14575,11128,0,0,1
390.9220682999585,34,40,834187,200237,17450,9143,27802,10407,8642,9518,0,0,1
391.92477879999205,29,43,645549,37336,9712,2793,6125,2124,1472,1386,0,0,1
